Date,Collection Time,Sample ID,Sample Location,Chamber,Treatment,Mass,Process Time,Temp,TA,Avg_TA,Delta_TA,FTA,pH,Benchtop pH,Notes,QA/QC
2/12/25,1600,OFAV_1.1,CHAMBER,11,R15,60.03,1925,23.2,2695,2652.6,,2785.6,7.74,7.73,,ET
2/12/25,1600,OFAV_1.1,SUMP,11,R15,60.05,1036,20.8,2701.4,2912.2,,2796,8.01,8.02,,MDC
2/12/25,1600,OFAV_1.2,CHAMBER,4,P15,60,1726,23.9,2912,2846.55,,2990.8,7.96,8.03,,ET
2/12/25,1600,OFAV_1.2,SUMP,4,P15,60.06,955,21.3,2867,2848.85,,2957.4,7.86,8.07,,MDC
2/12/25,1600,OFAV_1.3,CHAMBER,7,C,60.82,1745,23.9,2845.3,2845.35,,2928.8,7.83,8.05,,ET
2/12/25,1600,OFAV_1.3,SUMP,7,C,60.04,1013,21.3,2859.3,2839.5,,2952.5,7.87,8.1,,MDC
2/12/25,1600,OFAV_1.4,CHAMBER,8,R4,60.39,1751,24,2847.3,2834.05,,2937.1,7.84,7.96,,ET
2/12/25,1600,OFAV_1.4,SUMP,8,R4,60.2,1020,21.3,2840.7,2842.25,,2931.9,7.66,8.07,,MDC
2/12/25,1600,OFAV_1.5,CHAMBER,5,P4,60.04,1732,23.8,2845.3,2704.8,,2936.5,7.94,8.04,,ET
2/12/25,1600,OFAV_1.5,SUMP,5,P4,60.19,1001,21.3,2849.3,2727.5,,2942,7.84,8.09,,MDC
2/12/25,1600,OFAV_2.1,CHAMBER,6,C,60.18,1738,23.9,2841.1,2695.65,,2931.5,7.7,8.05,,ET
2/12/25,1600,OFAV_2.1,SUMP,6,C,60.22,1007,21.3,2847.4,2840.4,,2940.4,7.64,8.07,,MDC
2/12/25,1600,OFAV_2.2,CHAMBER,3,P15,60.03,1720,24,2832.8,2843.1,,2913.2,7.94,8.05,,ET
2/12/25,1600,OFAV_2.2,SUMP,3,P15,60.12,949,21.14,2850.6,2822.7,,2943.1,7.9,8.04,,MDC
2/12/25,1600,OFAV_2.3,CHAMBER,1,P4,60.03,1714,23.9,2841.1,2811.15,,2934.7,7.99,8.04,,ET
2/12/25,1600,OFAV_2.3,SUMP,1,P4,60.07,943,21.3,2860.7,2827.9,,2952.6,7.81,8.02,,MDC
2/12/25,1600,OFAV_2.4,CHAMBER,10,R4,60.09,1804,23.8,2702.7,2840.5,,2790.8,7.85,8,,ET
2/12/25,1600,OFAV_2.4,SUMP,10,R4,60.24,1051,23.4,2735.4,2815.3,,2809.3,7.66,8.09,,MDC
2/12/25,1600,OFAV_2.5,CHAMBER,9,R15,60.3,1757,23.9,2732.2,2706.3,,2804.5,7.77,7.97,,ET
2/12/25,1600,OFAV_2.5,SUMP,9,R15,60.82,1026,21.3,2726.1,2628.1,,2794.1,7.67,8.04,,MDC
2/14/25,1400,OFAV_1.1,CHAMBER,11,R15,60.08,1357,23.3,2695.7,2598.55,,2788.9,7.52,8.07,,ET
2/14/25,1400,OFAV_1.1,SUMP,11,R15,60.34,1128,22.7,2701,2848.45,,2787.9,7.54,8.09,,ET
2/14/25,1400,OFAV_1.2,CHAMBER,4,P15,60.33,1226,23.4,2830.4,2891.45,,2924.4,7.72,8.1,,ET
2/14/25,1400,OFAV_1.2,SUMP,4,P15,60.01,1503,23.1,2877.2,2767.15,,2970.2,7.97,8.12,,ET
2/14/25,1400,OFAV_1.3,CHAMBER,7,C,60.12,1309,23.7,2842.5,2841.4,,2933.6,7.77,8.07,,ET
2/14/25,1400,OFAV_1.3,SUMP,7,C,60.12,1040,23.3,2837,2860.7,,2929.1,7.67,8.08,,ET
2/14/25,1400,OFAV_1.4,CHAMBER,8,R4,60.35,1320,23.6,2816.1,2862.5,,2897.9,7.61,8.05,,ET
2/14/25,1400,OFAV_1.4,SUMP,8,R4,60.02,1052,23.1,2825.9,2842.95,,2899.5,7.46,8.02,,ET
2/14/25,1400,OFAV_1.5,CHAMBER,5,P4,60.93,1239,23.3,2805.8,2579,,2893.8,7.59,8.11,,ET
2/14/25,1400,OFAV_1.5,SUMP,5,P4,60.34,1516,22.7,2828,2446.05,,2919.6,7.95,8.11,,ET
2/14/25,1400,OFAV_2.1,CHAMBER,6,C,60.13,1251,23.2,2828,2641.7,,2914.2,7.67,8.09,,ET
2/14/25,1400,OFAV_2.1,CHAMBER,6,C,60.18,1258,23,2827.8,2641.7,,2914.9,7.53,8.09,,ET
2/14/25,1400,OFAV_2.1,SUMP,6,C,60.16,1523,22.6,2833.3,2996.2,,2923.9,7.89,8.11,,ET
2/14/25,1400,OFAV_2.2,CHAMBER,3,P15,60.75,1214,23.5,2835.6,3016.35,,2919.2,7.73,8.11,,ET
2/14/25,1400,OFAV_2.2,CHAMBER,3,P15,60.04,1220,23.4,2845.4,3016.35,,2940.5,7.54,8.11,,ET
2/14/25,1400,OFAV_2.2,SUMP,3,P15,60.04,1450,23.4,2861.3,3302.75,,2959.4,7.96,8.12,,ET
2/14/25,1400,OFAV_2.3,CHAMBER,1,P4,60.27,1202,23.4,2821.5,2972.15,,2902.4,7.64,8.07,,ET
2/14/25,1400,OFAV_2.3,CHAMBER,1,P4,60.81,1208,23.3,2809.1,2972.15,,2901.5,7.65,8.07,,ET
2/14/25,1400,OFAV_2.3,SUMP,1,P4,60.13,,23.3,2493.8,2973,,2560.8,6.76,8.03,,ET
2/14/25,1400,OFAV_2.4,CHAMBER,10,R4,60.93,1345,23.4,2705.2,2986.85,,2779.3,7.57,8.06,,ET
2/14/25,1400,OFAV_2.4,SUMP,10,R4,60.07,1116,22.8,2721.2,2879.35,,2800.7,7.39,8.07,,ET
2/14/25,1400,OFAV_2.5,CHAMBER,9,R15,60.49,1333,23.4,2619.3,2569,,2708.9,7.53,8.07,,ET
2/14/25,1400,OFAV_2.5,SUMP,9,R15,60.18,1058,23,2641.7,2394.2,,2728.8,7.56,8.04,,ET
2/18/25,1200,OFAV_1.1,CHAMBER,11,R15,60.24,1405,24.4,2596.3,2421.55,,2699.9,7.16,7.36,,ET
2/18/25,1200,OFAV_1.1,SUMP,11,R15,60.08,1622,24.6,2623.3,2721,,2726.5,7.21,7.67,,ET
2/18/25,1200,OFAV_1.2,CHAMBER,4,P15,60.07,1238,24.6,2865.7,2750.7,,2999.3,7.06,7.69,,ET
2/18/25,1200,OFAV_1.2,SUMP,4,P15,60.31,1448,24.7,2851.3,2520.8,,2950.3,7.32,8.03,,ET
2/18/25,1200,OFAV_1.3,CHAMBER,7,C,60.23,1317,24.6,2897.7,2692.85,,2998.3,7.31,7.97,,ET
2/18/25,1200,OFAV_1.3,SUMP,7,C,60.1,1533,24.7,2876,2764.05,,2973.2,7.08,7.78,,ET
2/18/25,1200,OFAV_1.4,CHAMBER,8,R4,60.39,1329,24.6,2766.5,2710.85,,2866.2,7.29,8.04,,ET
2/18/25,1200,OFAV_1.4,SUMP,8,R4,60.24,1539,24.7,2759.1,2649.05,,2872.2,7.13,7.61,,ET
2/18/25,1200,OFAV_1.5,CHAMBER,5,P4,60.19,1250,24.4,2846,2322,,2954,7.07,7.71,,ET
2/18/25,1200,OFAV_1.5,SUMP,5,P4,60.19,1507,24.6,2860.7,2187.2,,2945.3,7.07,7.68,,ET
2/18/25,1200,OFAV_2.1,CHAMBER,6,C,60.45,1301,24.4,2856.1,2658.65,,2964.4,7.12,7.68,,ET
2/18/25,1200,OFAV_2.1,SUMP,6,C,60.1,1513,24.6,2864.1,2691.6,,2977.4,7.32,7.85,,ET
2/18/25,1200,OFAV_2.2,CHAMBER,3,P15,60.09,1231,24.5,2862.2,2687,,2970.4,7.1,7.62,,ET
2/18/25,1200,OFAV_2.2,SUMP,3,P15,60.21,1442,24.7,2844.4,2662.05,,2951,7.31,7.59,,ET
2/18/25,1200,OFAV_2.3,CHAMBER,1,P4,60.49,1219,24.6,2852.9,2684.95,,2947.4,6.92,7.94,,ET
2/18/25,1200,OFAV_2.3,SUMP,1,P4,60.74,1424,24.8,2827.8,2687.55,,2934,7.14,7.51,,ET
2/18/25,1200,OFAV_2.4,CHAMBER,10,R4,60.19,1359,24.4,2577.2,2681.85,,2692.1,7.19,7.83,,ET
2/18/25,1200,OFAV_2.4,SUMP,10,R4,60.27,1609,24.6,2600,2618.8,,2702.2,7.06,7.93,,ET
2/18/25,1200,OFAV_2.5,CHAMBER,9,R15,60.02,1346,24.4,2449,2650.7,,2520.7,6.74,7.46,,ET
2/18/25,1200,OFAV_2.5,SUMP,9,R15,60.28,1551,24.7,2463.7,2556.35,,2572.5,7.04,7.54,,ET
2/21/25,1200,OFAV_1.1,CHAMBER,11,R15,60.14,1307,21.7,2639.5,2601.1,,2715.8,7.48,7.97,adjusted to CRM (- 20) ,ET
2/21/25,1200,OFAV_1.1,SUMP,11,R15,60.53,1629,22.1,2633.1,2639.05,,2738.8,7.59,,adjusted to CRM (- 20) ,ET
2/21/25,1200,OFAV_1.2,CHAMBER,4,P15,60.25,1136,21.9,2995.9,2698.05,,3090.9,7.75,8.07,adjusted to CRM (- 20) ,ET
2/21/25,1200,OFAV_1.2,SUMP,4,P15,60.14,,20.9,3067,2655.55,,,3.67,,adjusted to CRM (- 20) ,ET
2/21/25,1200,OFAV_1.3,CHAMBER,7,C,60.36,1332,22.6,3018.6,2638.95,,3087.9,7.81,8.05,adjusted to CRM (- 20) ,ET
2/21/25,1200,OFAV_1.3,SUMP,7,C,60.3,1602,22.5,3014.8,2644.95,,3118.4,7.68,,adjusted to CRM (- 20) ,ET
2/21/25,1200,OFAV_1.4,CHAMBER,8,R4,60.14,1244,22.6,2807.6,2638.15,,2893.2,7.73,8.02,adjusted to CRM (- 20) ,ET
2/21/25,1200,OFAV_1.4,SUMP,8,R4,60.08,1345,20.6,2810.4,2640.45,,,3.84,,adjusted to CRM (- 20) ,ET
2/21/25,1200,OFAV_1.5,CHAMBER,5,P4,60.27,1153,21.4,2969.5,2519.55,,3060.03,7.92,8.04,adjusted to CRM (- 20) ,ET
2/21/25,1200,OFAV_1.5,SUMP,5,P4,60.13,1551,23,2975,2407.3,,3082.8,7.78,,adjusted to CRM (- 20) ,ET
2/21/25,1200,OFAV_2.1,CHAMBER,6,C,60.84,1205,21.1,2971,2505.75,,3065.6,7.81,8.03,adjusted to CRM (- 20) ,ET
2/21/25,1200,OFAV_2.1,SUMP,6,C,60.06,1325,20.6,3142.7,2807.75,,,3.91,,adjusted to CRM (- 20) ,ET
2/21/25,1200,OFAV_2.2,CHAMBER,3,P15,60.44,1130,22.2,2991.7,2815.25,,3095.7,7.74,8.05,adjusted to CRM (- 20) ,ET
2/21/25,1200,OFAV_2.2,SUMP,3,P15,60.4,,23.2,2967.7,2664.3,,3075.5,7.79,,adjusted to CRM (- 20) ,ET
2/21/25,1200,OFAV_2.3,CHAMBER,1,P4,60.91,1114,22.6,2779.9,2691.55,,2850,5.61,7.91,adjusted to CRM (- 20) ,ET
2/21/25,1200,OFAV_2.3,SUMP,1,P4,60.55,1255,20.5,3028.1,2663.9,,3070.7,4.71,,adjusted to CRM (- 20) ,ET
2/21/25,1200,OFAV_2.4,CHAMBER,10,R4,60.96,1302,21.9,2603.9,2667.35,,2649.6,7.68,7.99,adjusted to CRM (- 20) ,ET
2/21/25,1200,OFAV_2.4,SUMP,10,R4,60.17,1623,22.3,2629.3,2567.6,,2662,7.56,,adjusted to CRM (- 20) ,ET
2/21/25,1200,OFAV_2.5,CHAMBER,9,R15,60.35,1249,22.4,2392.9,2350.3,,2455.1,7.43,7.94,adjusted to CRM (- 20) ,ET
2/21/25,1200,OFAV_2.5,SUMP,9,R15,60.09,1351,20.6,,2455.35,,,3.72,,adjusted to CRM (- 20) ,ET
2/24/25,1200,OFAV_1.1,CHAMBER,11,R15,60.82,1419,23.7,2415.3,2749.45,,2489.5,7.56,7.93,,ET
2/24/25,1200,OFAV_1.1,SUMP,11,R15,60.3,1650,23.1,2517.9,2794.15,,2442.3,7.58,7.95,,ET
2/24/25,1200,OFAV_1.2,CHAMBER,4,P15,60.12,1233,23.8,2716.6,2648.3,,2798.9,7.77,8.03,,ET
2/24/25,1200,OFAV_1.2,SUMP,4,P15,60.24,1513,23.6,2795.5,2664.95,,2714.6,7.91,8.02,,ET
2/24/25,1200,OFAV_1.3,CHAMBER,7,C,60.57,1332,24.2,2757.8,2590.8,,2829.3,7.74,8,,ET
2/24/25,1200,OFAV_1.3,SUMP,7,C,60.14,1602,23.8,2813.9,2657.15,,2746.6,7.8,8.05,,ET
2/24/25,1200,OFAV_1.4,CHAMBER,8,R4,60.25,1338,24.2,2518.2,2598.8,,2608.5,7.64,7.98,,ET
2/24/25,1200,OFAV_1.4,SUMP,8,R4,60.33,1608,23.7,2615.8,2493.35,,2527.1,7.71,8,,ET
2/24/25,1200,OFAV_1.5,CHAMBER,5,P4,60.52,1252,23.7,2690.5,2283.6,,2774.1,7.69,8.04,,ET
2/24/25,1200,OFAV_1.5,SUMP,5,P4,60.31,1533,23.3,2777.5,2347.35,,2690.1,7.69,8.03,,ET
2/24/25,1200,OFAV_2.1,CHAMBER,6,C,60.07,1258,23.5,2770.8,2828.05,,2837.8,7.78,7.99,,ET
2/24/25,1200,OFAV_2.1,SUMP,6,C,60.23,1539,23.2,2837.3,2644.5,,2768.6,7.83,8.03,,ET
2/24/25,1200,OFAV_2.2,CHAMBER,3,P15,60.01,1227,23.9,2708.5,2546.7,,2795.7,7.79,8.06,,ET
2/24/25,1200,OFAV_2.2,SUMP,3,P15,60.8,1507,23.6,2783.1,2438.75,,2708.1,7.82,8.06,,ET
2/24/25,1200,OFAV_2.3,CHAMBER,1,P4,60.56,1209,23.5,2529.4,2364.9,,2602.2,5.59,7.92,,ET
2/24/25,1200,OFAV_2.3,SUMP,1,P4,60.32,1449,23.7,2741.7,2829.5,,2809.7,7.81,8.02,,ET
2/24/25,1200,OFAV_2.4,CHAMBER,10,R4,60.1,1407,23.9,2328.1,2644.2,,2408.5,7.52,7.98,,ET
2/24/25,1200,OFAV_2.4,SUMP,10,R4,60.15,1637,23.2,2424.4,2645,,2331.8,7.5,7.98,,ET
2/24/25,1200,OFAV_2.5,CHAMBER,9,R15,60.09,1349,24.1,2187.6,2488.05,,2281.4,7.52,7.95,,ET
2/26/25,1200,OFAV_1.1,CHAMBER,11,R15,60.15,1504,25,2664.3,2774.6,,2754.3,7.82,8.06,,ET
2/26/25,1200,OFAV_1.1,SUMP,11,R15,60.24,1715,26.9,2665.3,2800.35,,2750.3,7.76,7.98,,ET
2/26/25,1200,OFAV_1.2,CHAMBER,4,P15,60.03,1244,27.3,2688.5,2459.75,,2774.8,7.91,8.02,,ET
2/26/25,1200,OFAV_1.2,SUMP,4,P15,60.66,,,,2505,,,,8.03,get from flashdrive ,ET
2/26/25,1200,OFAV_1.3,CHAMBER,7,C,60.44,1414,28,2681.5,2494.6,,2765.2,7.92,8.1,,ET
2/26/25,1200,OFAV_1.3,SUMP,7,C,60.16,1624,32.7,2691.2,2511.9,,2765.8,7.97,8.03,,ET
2/26/25,1200,OFAV_1.4,CHAMBER,8,R4,60.1,1420,27.8,2664.9,2562.85,,2753.2,7.98,8.09,,ET
2/26/25,1200,OFAV_1.4,SUMP,8,R4,60.54,1643,30.1,2669.3,2327.35,,2764.8,7.97,8.04,,ET
2/26/25,1200,OFAV_1.5,CHAMBER,5,P4,60.03,1303,26.2,2686,2157,,2776.8,7.94,8.08,,ET
2/26/25,1200,OFAV_1.5,SUMP,5,P4,60.37,,27.4,2687.9,2293.75,,2771.1,7.78,8.03,,ET
2/26/25,1200,OFAV_2.1,CHAMBER,6,C,60.08,1310,26,2690.6,2659.1,,2779.3,7.77,8.09,,ET
2/26/25,1200,OFAV_2.1,SUMP,6,C,60.33,1609,25.9,2689.5,2786.7,,2775.4,7.83,8.02,,ET
2/26/25,1200,OFAV_2.2,CHAMBER,3,P15,60.03,1237,26.5,2682.3,2494.85,,2771.6,7.85,8.07,,ET
2/26/25,1200,OFAV_2.2,SUMP,3,P15,60.28,1532,28.8,2683,2581.65,,2766.3,8.02,8.05,,ET
2/26/25,1200,OFAV_2.3,CHAMBER,1,P4,60.06,1218,25.3,2535,2536.45,,2611.7,5.67,7.96,,ET
2/26/25,1200,OFAV_2.3,SUMP,1,P4,60.12,,29.4,2692.9,2657.8,,2773.5,7.93,8.05,,ET
2/26/25,1200,OFAV_2.4,CHAMBER,10,R4,60.18,1451,25.8,2656.4,2544.2,,2736.1,7.98,8.09,,ET
2/26/25,1200,OFAV_2.4,SUMP,10,R4,60.23,1702,28.1,2657.3,2319.7,,2739,7.96,8.04,,ET
2/26/25,1200,OFAV_2.5,CHAMBER,9,R15,60.12,1432,26.7,2544.6,2224.2,,2626.4,7.75,8.02,,ET
2/26/25,1200,OFAV_2.5,SUMP,9,R15,60.13,,28.7,2582.7,2489.95,,2657.9,7.58,7.97,,ET
2/28/25,1200,OFAV_1.1,CHAMBER,11,R15,60.436,,23,2592.9,2538.6,,2649.2,7.7,8.05,,ET
2/28/25,1200,OFAV_1.1,SUMP,11,R15,60.904,,23.1,2609.5,2522.85,,2683.1,7.71,8.05,,ET
2/28/25,1200,OFAV_1.2,CHAMBER,4,P15,60.526,,23.2,2642.9,2530.25,,2717.1,7.83,8.07,,ET
2/28/25,1200,OFAV_1.2,SUMP,4,P15,60.378,,23,2652,2549.25,,2735.3,7.78,8.07,,ET
2/28/25,1200,OFAV_1.3,CHAMBER,7,C,60.457,,23.1,2703.6,2580.45,,2779.7,7.73,8.02,,ET
2/28/25,1200,OFAV_1.3,SUMP,7,C,60.437,,23.6,2705.4,2492.6,,2780.9,7.77,8.05,,ET
2/28/25,1200,OFAV_1.4,CHAMBER,8,R4,60.189,,23.1,2659.5,2573.65,,2740.8,7.75,8.07,,ET
2/28/25,1200,OFAV_1.4,SUMP,8,R4,60.67,,22.8,2649.3,2523.55,,2737.6,7.78,8.07,,ET
2/28/25,1200,OFAV_1.5,CHAMBER,5,P4,60.409,,23.3,2640.6,2545.8,,2712.3,7.75,8.08,,ET
2/28/25,1200,OFAV_1.5,SUMP,5,P4,60.508,,23.8,2643.4,1953.25,,2711.1,7.77,8.07,,ET
2/28/25,1200,OFAV_2.1,CHAMBER,6,C,60.325,,23,2653.3,2499.1,,2731.3,7.77,8.1,,ET
2/28/25,1200,OFAV_2.1,SUMP,6,C,60.515,,23.8,2657.9,2479.85,,2744,7.77,8.07,,ET
2/28/25,1200,OFAV_2.2,CHAMBER,3,P15,60.226,,23.4,2637.3,2506.25,,2710.7,7.79,8.1,,ET
2/28/25,1200,OFAV_2.2,SUMP,3,P15,60.165,,24.1,2661.5,2496.15,,2743.7,7.84,8.08,,ET
2/28/25,1200,OFAV_2.3,CHAMBER,1,P4,60.282,1534,23.1,2649.1,2518.6,,2721.8,7.78,8.06,,ET
2/28/25,1200,OFAV_2.3,SUMP,1,P4,60.354,,22.9,2652,2448.1,,2737.4,7.8,8.07,,ET
2/28/25,1200,OFAV_2.4,CHAMBER,10,R4,60.465,,23.1,2516.4,2594.05,,2602.1,7.73,8.06,,ET
2/28/25,1200,OFAV_2.4,SUMP,10,R4,60.475,,23.3,2529,2482,,2609.9,7.73,8.06,,ET
2/28/25,1200,OFAV_2.5,CHAMBER,9,R15,60.619,,23.1,2412.3,2442.95,,2467.6,7.68,8.03,,ET
2/28/25,1200,OFAV_2.5,CHAMBER,9,R15,60.355,,23.1,2402.3,2442.95,,2467.3,7.63,8.03,,ET
2/28/25,1200,OFAV_2.5,SUMP,9,R15,60.329,,22.8,2417.8,2121.25,,2476.6,7.82,8.03,,ET
3/3/25,1200,OFAV_1.1,CHAMBER,11,R15,60.64,1437,23.8,2518,2409.8,,2626.5,7.8,8.11,,ET
3/3/25,1200,OFAV_1.1,SUMP,11,R15,60,1033,23.3,2557,2356,,2640.8,7.52,8.08,,ET
3/3/25,1200,OFAV_1.2,CHAMBER,4,P15,60.76,1513,24.2,2800.2,2392.5,,2901.9,7.9,8.16,,ET
3/3/25,1200,OFAV_1.2,SUMP,4,P15,60.06,1705,23.9,2847.3,2362.1,,2963,8.04,8.15,,ET
3/3/25,1200,OFAV_1.3,CHAMBER,7,C,60.2,1534,23.9,2814.9,2378.6,,2914.9,7.83,8.08,,ET
3/3/25,1200,OFAV_1.3,SUMP,7,C,60.71,940,22.5,2836.6,2317.75,,2925.7,7.52,8.07,,ET
3/3/25,1200,OFAV_1.4,CHAMBER,8,R4,60.02,1541,23.8,2660.3,2262.25,,2764.3,7.82,8.12,,ET
3/3/25,1200,OFAV_1.4,SUMP,8,R4,60.69,1002,22.8,2675.7,2351.1,,2770.5,7.72,8.11,,ET
3/3/25,1200,OFAV_1.5,CHAMBER,5,P4,60.04,1354,24,2716.9,2179,,2822.8,7.88,8.13,,ET
3/3/25,1200,OFAV_1.5,SUMP,5,P4,60.83,843,21.5,2574.6,2214.1,,2693.9,5.87,8.12,,ET
3/3/25,1200,OFAV_2.1,CHAMBER,6,C,60.42,1401,24,2650,2425.9,,2754.9,7.99,8.2,,ET
3/3/25,1200,OFAV_2.2,CHAMBER,3,P15,60.7,,24.3,2677.8,2648.2,,2777.8,7.93,8.13,,ET
3/3/25,1200,OFAV_2.2,SUMP,3,P15,60.85,,24.1,2783.9,2427.2,,2888.2,7.96,8.14,,ET
3/3/25,1200,OFAV_2.3,CHAMBER,1,P4,60.159,1336,24,2557.4,2399.75,,2657.1,5.82,8.11,,ET
3/3/25,1200,OFAV_2.3,SUMP,1,P4,60,,24.5,2650.9,2361.4,,2707.9,8,8.13,,ET
3/3/25,1200,OFAV_2.4,CHAMBER,10,R4,60.26,1427,23.8,2557.4,2492.3,,2652.8,7.98,8.13,,ET
3/3/25,1200,OFAV_2.4,SUMP,10,R4,60.75,1027,23.5,2604.9,2353.85,,2688.7,7.71,8.12,,ET
3/3/25,1200,OFAV_2.5,CHAMBER,9,R15,60.64,1421,23.9,2349.2,2495,,2452.8,7.82,8.09,,ET
3/3/25,1200,OFAV_2.5,SUMP,9,R15,60.15,1008,23.8,2356.5,2339.35,,2448.1,7.58,8.07,,ET
3/5/25,1200,OFAV_1.1,CHAMBER,11,R15,60.77,1445,23,2469.1,2218.95,,2574.3,7.39,8.04,,ET
3/5/25,1200,OFAV_1.1,SUMP,11,R15,60.08,1543,23.3,2420.3,2266.85,,2496.3,7.48,8.09,,ET
3/5/25,1200,OFAV_1.2,CHAMBER,4,P15,60.13,1254,23.7,2752.7,2528.6,,2832,7.55,8.14,,ET
3/5/25,1200,OFAV_1.2,SUMP,4,P15,60.133,1618,23.6,2723.1,2511.15,,2807.9,7.65,8.14,,ET
3/5/25,1200,OFAV_1.3,CHAMBER,7,C,60.76,1353,23.5,2797.1,2507.15,,2869.3,7.5,8.05,,ET
3/5/25,1200,OFAV_1.3,SUMP,7,C,60.368,1702,23.2,2798.7,2421.45,,2876.2,7.51,8.09,,ET
3/5/25,1200,OFAV_1.4,CHAMBER,8,R4,60.44,1359,23.5,2648.1,2583,,2731.6,7.52,8.06,,ET
3/5/25,1200,OFAV_1.4,SUMP,8,R4,60.017,1500,23.6,2620.8,2402.95,,2705.9,7.55,8.08,,ET
3/5/25,1200,OFAV_1.5,CHAMBER,5,P4,60.02,1313,23.4,2669.4,2583.7,,2756.4,7.64,8.11,,ET
3/5/25,1200,OFAV_1.5,SUMP,5,P4,60.139,1636,23.4,2674.6,2456.85,,2767.1,7.61,8.13,,ET
3/5/25,1200,OFAV_2.1,CHAMBER,6,C,60.27,1319,23.3,2593.8,2242.15,,2668.8,7.67,8.15,,ET
3/5/25,1200,OFAV_2.1,SUMP,6,C,60.084,1643,23.4,2649.1,2279.55,,2726.8,7.63,8.12,,ET
3/5/25,1200,OFAV_2.2,CHAMBER,3,P15,60.39,1247,24,2660.4,2623.9,,2746.8,7.62,8.09,,ET
3/5/25,1200,OFAV_2.2,SUMP,3,P15,60.032,1612,23.6,2702.9,2632.5,,2784.3,7.59,8.1,,ET
3/5/25,1200,OFAV_2.3,CHAMBER,1,P4,60.55,1229,23.8,2527,2596.4,,2605.6,5.68,8.05,,ET
3/5/25,1200,OFAV_2.3,SUMP,1,P4,60.371,1550,23.2,2667.3,2498.7,,2755,7.56,8.11,,ET
3/5/25,1200,OFAV_2.4,CHAMBER,10,R4,60.65,1430,23.2,2503.1,2549.6,,2594.1,7.58,8.09,,ET
3/5/25,1200,OFAV_2.4,SUMP,10,R4,60.055,1531,23.4,2514.7,2394.75,,2608.6,7.56,8.12,,ET
3/5/25,1200,OFAV_2.5,CHAMBER,9,R15,60.17,1411,23.4,2279.7,2664.3,,2366.8,7.35,8.01,,ET
3/5/25,1200,OFAV_2.5,SUMP,9,R15,60.032,1515,23.5,2270.8,2549,,2351.7,7.33,8.05,,ET
3/7/25,1030,OFAV_1.1,CHAMBER,11,R15,60.15,1740,23.7,2348.3,2172.4,,2441.2,7.65,8.16,,ET
3/7/25,1030,OFAV_1.2,CHAMBER,4,P15,60.26,1553,24.1,2751.1,2525.95,,2816.4,7.91,8.18,,ET
3/7/25,1030,OFAV_1.3,CHAMBER,7,C,60.19,1650,24.3,2825.2,2619.05,,2909.5,7.79,8.06,,ET
3/7/25,1030,OFAV_1.4,CHAMBER,8,R4,60.13,1651,24.2,2529.2,2585.8,,2619.5,7.71,8.09,,ET
3/7/25,1030,OFAV_1.5,CHAMBER,5,P4,60.04,1612,23.9,2651.1,2628.4,,2729.8,7.62,8.15,,ET
3/7/25,1030,OFAV_2.1,CHAMBER,6,C,60.49,1628,23.9,2650.4,2515.25,,2741.1,7.84,8.18,,ET
3/7/25,1030,OFAV_2.2,CHAMBER,3,P15,60.33,1548,24.1,2549.5,2648.2,,2631.4,7.79,8.13,,ET
3/7/25,1030,OFAV_2.3,CHAMBER,1,P4,60.7,1530,24.3,2637.2,2535.25,,2726.9,7.84,8.11,,ET
3/7/25,1030,OFAV_2.4,CHAMBER,10,R4,60.33,1728,23.9,2426.8,2648.1,,2501.2,7.84,8.16,,ET
3/7/25,1030,OFAV_2.5,CHAMBER,9,R15,60.07,1709,24.1,2163.1,2630.2,,2241.7,7.53,8.07,,ET
3/7/25,1200,OFAV_1.1,SUMP,11,R15,60.102,1408,23.7,2363.1,2453.35,,2458.1,8.07,8.1,,ET
3/7/25,1200,OFAV_1.2,SUMP,4,P15,60.219,1201,24.6,2731.6,2368.45,,2810.8,7.9,8.17,,ET
3/7/25,1200,OFAV_1.3,SUMP,7,C,60.154,1317,24.3,2831.9,2557.3,,2918.1,7.76,8.05,,ET
3/7/25,1200,OFAV_1.4,SUMP,8,R4,60.3,,23.2,2590.6,2559.2,,2660.4,7.7,8.09,,ET
3/7/25,1200,OFAV_1.5,SUMP,5,P4,60.618,1220,24.2,2642.5,2529.45,,2730.2,7.73,8.13,,ET
3/7/25,1200,OFAV_2.1,SUMP,6,C,60.893,1227,24.2,2654.3,2503.65,,2743.5,7.82,8.15,,ET
3/7/25,1200,OFAV_2.2,SUMP,3,P15,60.511,1156,24.6,2645,2495.3,,2724.3,7.83,8.13,,ET
3/7/25,1200,OFAV_2.3,SUMP,1,P4,60.071,1138,25,2659.9,2413.9,,2739.6,7.93,8.06,,ET
3/7/25,1200,OFAV_2.4,SUMP,10,R4,60.052,1352,23.9,2483.8,2535,,2564.5,7.7,8.13,,ET
3/7/25,1200,OFAV_2.5,SUMP,9,R15,60.426,1334,24.1,2155.3,2569.15,,2245.7,7.5,8.05,,ET
3/10/25,1200,OFAV_1.1,CHAMBER,11,R15,60.07,1441,23,2233.2,2347.15,,2315,7.61,8.12,,RH
3/10/25,1200,OFAV_1.1,SUMP,11,R15,60.65,1657,23.1,2286.7,2256.9,,2370.2,7.54,8.08,,RH
3/10/25,1200,OFAV_1.2,CHAMBER,4,P15,60.06,1301,22.8,2767.6,2591.7,,2842.3,7.87,8.19,,RH
3/10/25,1200,OFAV_1.2,SUMP,4,P15,60.24,1517,23.6,2736.2,2613.35,,2809.6,7.89,8.22,,RH
3/10/25,1200,OFAV_1.3,CHAMBER,7,C,60.18,1354,24,2800.9,2635.3,,2883,7.79,8.12,,RH
3/10/25,1200,OFAV_1.3,SUMP,7,C,60.44,1610,23.9,2811.9,2487.7,,2890,7.79,8.14,,RH
3/10/25,1200,OFAV_1.4,CHAMBER,8,R4,60.41,1400,24,2458.7,2572.65,,2537.3,7.61,8.1,,RH
3/10/25,1200,OFAV_1.4,SUMP,8,R4,60.34,1616,23.9,2487.6,2445.5,,2577.9,7.66,8.11,,RH
3/10/25,1200,OFAV_1.5,CHAMBER,5,P4,60.11,1320,22.7,2505.9,2664.4,,2599.7,7.73,8.14,,RH
3/10/25,1200,OFAV_1.5,SUMP,5,P4,60.26,1535,23.2,2518.8,2535.6,,2610.7,7.6,8.17,,RH
3/10/25,1200,OFAV_2.1,CHAMBER,6,C,60.04,1326,22.7,2499.2,2260.75,,2583.1,7.82,8.21,,RH
3/10/25,1200,OFAV_2.1,SUMP,6,C,60.53,1542,23.1,2522.4,2382.3,,2610.6,7.53,8.17,,RH
3/10/25,1200,OFAV_2.2,CHAMBER,3,P15,60.1,1255,23.1,2514.5,2772.45,,2607.2,7.79,8.15,,RH
3/10/25,1200,OFAV_2.2,SUMP,3,P15,60.8,1511,23.7,2575.3,2808.7,,2648.5,7.74,8.12,,RH
3/10/25,1200,OFAV_2.3,CHAMBER,1,P4,60.17,1236,23.5,2566.6,2771.75,,2644.8,7.65,8.09,,RH
3/10/25,1200,OFAV_2.3,SUMP,1,P4,60.08,1452,24.1,2584.7,2596.25,,2653.8,7.79,8.12,,RH
3/10/25,1200,OFAV_2.4,CHAMBER,10,R4,60.15,1429,23.2,2328.3,2815.65,,2418.5,7.76,8.09,,RH
3/10/25,1200,OFAV_2.4,SUMP,10,R4,60.15,1645,23.3,2357.1,2544.75,,2451.7,7.64,8.09,,RH
3/10/25,1200,OFAV_2.5,CHAMBER,9,R15,60.09,1411,23.6,2162.6,2813.25,,2245.6,7.51,8.1,,RH
3/10/25,1200,OFAV_2.5,SUMP,9,R15,60.65,1628,23.7,2145.4,2710.5,,2236.9,7.51,8.09,,RH
3/12/25,1200,OFAV_1.1,CHAMBER,11,R15,60.41,1358,23.7,2302.8,2323.15,,2388.8,7.77,8.22,,JW
3/12/25,1200,OFAV_1.1,SUMP,11,R15,60.15,1616,23.9,2336,2331.3,,2430.9,7.54,8.12,,JW
3/12/25,1200,OFAV_1.2,CHAMBER,4,P15,60.19,1221,24.3,2662.1,2661.75,,2756.4,7.93,8.26,,JW
3/12/25,1200,OFAV_1.2,SUMP,4,P15,60.12,1429,24.1,2660.5,2685.25,,2743.5,7.87,8.21,,JW
3/12/25,1200,OFAV_1.3,CHAMBER,7,C,60.88,1309,24.4,2786.6,2661,,2866.1,7.79,8.16,,JW
3/12/25,1200,OFAV_1.3,SUMP,7,C,60.86,1528,24.5,2794.1,2510.15,,2875.1,7.77,8.14,,JW
3/12/25,1200,OFAV_1.4,CHAMBER,8,R4,60.83,1315,24.3,2492.2,2602.35,,2584.3,7.68,8.11,,JW
3/12/25,1200,OFAV_1.4,SUMP,8,R4,60.2,1534,24.4,2525.1,2396.65,,2615,7.66,8.13,,JW
3/12/25,1200,OFAV_1.5,CHAMBER,5,P4,60.29,1241,23.8,2578.7,2707.4,,2648.5,7.83,8.2,,JW
3/12/25,1200,OFAV_1.5,SUMP,5,P4,60.93,1450,23.9,2621.7,2640.9,,2701.3,7.76,8.17,,JW
3/12/25,1200,OFAV_2.1,CHAMBER,6,C,60.26,1247,23.8,2535,2240.5,,2623.6,7.88,8.25,,JW
3/12/25,1200,OFAV_2.1,SUMP,6,C,60.08,1456,23.9,2619.5,2161.85,,2695.9,7.74,8.18,,JW
3/12/25,1200,OFAV_2.2,CHAMBER,3,P15,60,1216,24.3,2662.8,2344.45,,2747,7.84,8.22,,JW
3/12/25,1200,OFAV_2.2,SUMP,3,P15,60.66,1223,24.2,2638.5,2519.4,,2725.2,7.86,8.19,,JW
3/12/25,1200,OFAV_2.3,CHAMBER,1,P4,60.03,1157,24.7,2458.8,2394.1,,2523.9,5.7,8.22,,JW
3/12/25,1200,OFAV_2.3,SUMP,1,P4,60.07,1455,24.4,2657.2,2398,,2737,7.8,8.17,,JW
3/12/25,1200,OFAV_2.4,CHAMBER,10,R4,60.43,1345,23.8,2317.6,2582.3,,2407.1,7.91,8.32,,JW
3/12/25,1200,OFAV_2.4,SUMP,10,R4,60.2,1603,24.1,2361,2240.45,,2452.5,7.7,8.16,,JW
3/12/25,1200,OFAV_2.5,CHAMBER,9,R15,60.41,1327,24.1,2224.8,2609.6,,2302.3,7.59,8.09,,JW
3/12/25,1200,OFAV_2.5,SUMP,9,R15,60.04,1545,24.2,2223.7,2352.9,,2307.6,7.54,8.11,,JW
3/26/25,1200,OFAV_3.1,CHAMBER,9,R15,60.07,1429,23.9,2488.6,2160.35,,2506.7,8.15,8.21,,MDC
3/26/25,1200,OFAV_3.1,SUMP,9,R15,60.14,1651,24.2,2506.2,2187.9,,2557.7,8.13,8.21,,MDC
3/26/25,1200,OFAV_3.2,CHAMBER,5,P4,60.52,1321,24.1,2538.3,2463.75,,2562.5,8.15,8.23,,MDC
3/26/25,1200,OFAV_3.2,SUMP,5,P4,60.81,1547,23.9,2581.2,2571.6,,2615.9,8.14,8.21,,MDC
3/26/25,1200,OFAV_3.3,CHAMBER,7,C,60.22,1402,24.1,2521.4,2587,,2542.3,8.11,8.19,,MDC
3/26/25,1200,OFAV_3.3,SUMP,7,C,60.28,1624,24.4,2531.4,2468.7,,2578.1,8.11,8.18,,MDC
3/26/25,1200,OFAV_3.4,CHAMBER,4,P15,60.22,1307,24.2,2527.7,2558.7,,2550.1,8.17,8.26,,MDC
3/26/25,1200,OFAV_3.4,SUMP,4,P15,60.51,1534,24,2542.4,2359.85,,2588.3,8.16,8.25,,MDC
3/26/25,1200,OFAV_3.5,CHAMBER,10,R4,60.36,1443,23.9,2552.2,2626.25,,2576.5,8.16,8.22,,MDC
3/26/25,1200,OFAV_3.5,SUMP,10,R4,60.16,1707,24.1,2557.7,2497.25,,2604.2,8.15,8.22,,MDC
3/26/25,1200,OFAV_69.1,CHAMBER,1,P4,60.03,1240,24.3,2615.7,2199.6,,2623.47,8.05,8.21,,MDC
3/26/25,1200,OFAV_69.1,SUMP,1,P4,60.49,1507,24.2,2603.1,2572.5,,2634.5,8.15,8.2,,MDC
3/26/25,1200,OFAV_69.2,CHAMBER,8,R4,60.08,1415,24,2499.5,2499.8,,2513,8.16,8.23,,MDC
3/26/25,1200,OFAV_69.2,SUMP,8,R4,60.18,1638,24.3,2497.8,2580.4,,2545.4,8.14,8.22,,MDC
3/26/25,1200,OFAV_69.3,CHAMBER,3,P4,60.29,1246,24.3,2594.8,2545.15,,2609.2,8.15,8.21,,MDC
3/26/25,1200,OFAV_69.3,SUMP,1,P4,60.38,1514,24.1,2603.5,2549.1,,2636.1,8.15,8.2,,MDC
3/26/25,1200,OFAV_69.4,CHAMBER,6,C,60.28,1343,23.9,2520.2,2320.7,,2549.3,8.15,8.22,,MDC
3/26/25,1200,OFAV_69.4,SUMP,6,C,60.54,1609,23.8,2543.8,2539.15,,2587.4,8.14,8.22,,MDC
3/26/25,1200,OFAV_69.5,CHAMBER,11,R15,60.23,1450,23.9,2540.9,2488.4,,2567.5,8.13,8.2,,MDC
3/26/25,1200,OFAV_69.5,SUMP,11,R15,60.02,1713,24,2546.3,2550.5,,2598.5,8.12,8.18,,MDC
3/28/25,1200,OFAV_3.1,CHAMBER,9,R15,47.21,,23.3,1641.3,2549,,1816,6.56,8.18,,MDC
3/28/25,1200,OFAV_3.1,SUMP,9,R15,60.09,,24,2333.5,2599.55,,2402.4,8.09,8.13,,MDC
3/28/25,1200,OFAV_3.2,CHAMBER,5,P4,60.23,,,,2479.7,,,,8.23,,MDC
3/28/25,1200,OFAV_3.2,SUMP,5,P4,60.38,,24,2534.3,2611.8,,2592.6,8.14,8.18,,MDC
3/28/25,1200,OFAV_3.3,CHAMBER,7,C,60.75,,24.5,2474.9,2501.55,,2528.2,8.11,8.17,,MDC
3/28/25,1200,OFAV_3.3,SUMP,7,C,60.06,,24.3,2484.3,2442.55,,2534,8.12,8.16,,MDC
3/28/25,1200,OFAV_3.4,CHAMBER,4,P15,60.06,1248,24.1,2516.7,2149.8,,2572.9,8.15,8.21,,MDC
3/28/25,1200,OFAV_3.4,SUMP,4,P15,60.71,,24.2,2544.2,2415.9,,2599.1,8.14,8.19,,MDC
3/28/25,1200,OFAV_3.5,CHAMBER,10,R4,60.72,,23.7,2488.3,2363.15,,2547.8,8.19,8.24,,MDC
3/28/25,1200,OFAV_3.5,SUMP,10,R4,60.63,,23.9,2549.2,2440.4,,2603.7,8.13,8.18,,MDC
3/28/25,1200,OFAV_69.1,CHAMBER,1,P4,60.01,1221,24.4,2413.1,2388.2,,2452.8,7.36,8.23,,MDC
3/28/25,1200,OFAV_69.1,SUMP,1,P4,60.17,1507,24.5,2595.5,2487.3,,2639,8.12,8.16,,MDC
3/28/25,1200,OFAV_69.2,CHAMBER,8,R4,60.92,,24.2,2451.7,2319.8,,2500,8.14,8.2,,MDC
3/28/25,1200,OFAV_69.2,SUMP,8,R4,60.24,,24.1,2466.5,2498.8,,2521.7,8.12,8.17,,MDC
3/28/25,1200,OFAV_69.3,CHAMBER,1,P4,60.05,1228,24.7,2566,2387,,2615.3,8.14,8.23,,MDC
3/28/25,1200,OFAV_69.3,SUMP,1,P4,60.76,,24.5,2611.8,2190.95,,2659.2,8.12,8.16,,MDC
3/28/25,1200,OFAV_69.4,CHAMBER,6,C,60.88,1317,23.5,2478.6,2257.95,,2536.1,8.16,8.21,,MDC
3/28/25,1200,OFAV_69.4,SUMP,6,C,60.45,,23.7,2500.9,2432.6,,2561.6,8.15,8.2,,MDC
3/28/25,1200,OFAV_69.5,CHAMBER,11,R15,60.15,,23.6,2440.5,2433.9,,2487.3,8.09,8.14,,MDC
3/28/25,1200,OFAV_69.5,SUMP,11,R15,60.11,,23.9,2439,2425.3,,2484.9,8.08,8.13,,MDC
3/31/25,1200,OFAV_3.1,CHAMBER,9,R15,60.12,1402,23.5,2119.9,2406.55,,2179.8,8.06,8.17,,JW
3/31/25,1200,OFAV_3.1,SUMP,9,R15,60.16,1623,23.7,2156.4,2414.5,,2220.9,8.04,8.09,,JW
3/31/25,1200,OFAV_3.2,CHAMBER,5,P4,60.05,1235,24.1,2413.3,2366.45,,2466.6,8.13,8.19,,JW
3/31/25,1200,OFAV_3.2,SUMP,5,P4,60.47,1520,23.4,2411.6,2496.8,,2461.9,8.13,8.16,,JW
3/31/25,1200,OFAV_3.3,CHAMBER,7,C,60.33,1335,23.8,2357.9,2395.8,,2421.8,8.11,8.17,,JW
3/31/25,1200,OFAV_3.3,SUMP,7,C,60.1,1557,24.2,2363.4,2233.45,,2428.6,8.1,8.14,,JW
3/31/25,1200,OFAV_3.4,CHAMBER,4,P15,60.25,1221,24.4,2393.5,2267,,2451.8,8.14,8.21,,JW
3/31/25,1200,OFAV_3.4,SUMP,4,P15,60.59,1506,23.6,2438.9,2544.7,,2492,8.13,8.17,,JW
3/31/25,1200,OFAV_3.5,CHAMBER,10,R4,60.72,1416,23.4,2363,2525.35,,2423.1,8.18,8.22,,JW
3/31/25,1200,OFAV_3.5,SUMP,10,R4,60.03,1636,23.5,2389,2539.1,,2453.3,8.11,8.16,,JW
3/31/25,1200,OFAV_69.1,CHAMBER,1,P4,60.59,1154,24.2,2311.4,2493.8,,2362.9,6.56,8.18,,JW
3/31/25,1200,OFAV_69.1,SUMP,1,P4,60.32,1440,24.1,2511.8,2582.55,,2575.1,8.13,8.17,,JW
3/31/25,1200,OFAV_69.2,CHAMBER,8,R4,60.2,1349,23.6,2317.8,2427.75,,2376.9,8.11,8.16,,JW
3/31/25,1200,OFAV_69.2,SUMP,8,R4,60.02,1610,23.9,2325.4,2575.65,,2386.4,8.1,8.15,,JW
3/31/25,1200,OFAV_69.3,CHAMBER,1,P4,60.17,1201,24.5,2511.1,2452.5,,2573.9,8.13,8.18,,JW
3/31/25,1200,OFAV_69.3,SUMP,1,P4,60.12,1446,23.9,2511.6,2242.05,,2576.2,8.14,8.17,,JW
3/31/25,1200,OFAV_69.4,CHAMBER,6,C,60.16,1257,23.8,2351.9,2285.7,,2416.4,8.16,8.23,,JW
3/31/25,1200,OFAV_69.4,SUMP,6,C,60.16,1542,23.2,2388,2670.75,,2449.6,8.13,8.16,,JW
3/31/25,1200,OFAV_69.5,CHAMBER,11,R15,60.4,1423,23.4,2175.8,2643.8,,2243.7,8.06,8.13,,JW
3/31/25,1200,OFAV_69.5,SUMP,11,R15,60.2,1644,23.5,2191.7,2654.9,,2261.5,8.06,8.1,,JW
4/2/25,1200,OFAV_3.1,CHAMBER,9,R15,60.72,1359,23.5,2221.8,2552.8,,2283.9,8.09,8.18,,JW
4/2/25,1200,OFAV_3.1,SUMP,9,R15,60.37,1627,23.9,2259.9,2697.7,,2313.9,8.07,8.11,,JW
4/2/25,1200,OFAV_3.2,CHAMBER,5,P4,60.07,1236,24,2423.2,2473.55,,2478.9,8.14,8.22,,JW
4/2/25,1200,OFAV_3.2,SUMP,5,P4,60.6,1524,23.7,2433.3,2705.4,,2493.6,8.14,8.19,,JW
4/2/25,1200,OFAV_3.3,CHAMBER,7,C,60.19,1332,23.7,2425,2586.85,,2476.7,8.14,8.22,,JW
4/2/25,1200,OFAV_3.3,SUMP,7,C,60.2,1601,24.2,2433.2,2202.9,,2484.6,8.13,8.17,,JW
4/2/25,1200,OFAV_3.4,CHAMBER,4,P15,60.15,1222,24.4,2399.7,2536.45,,2458.2,8.15,8.25,,JW
4/2/25,1200,OFAV_3.4,SUMP,4,P15,60.68,1511,23.8,2423,2650.05,,2474.5,8.15,8.21,,JW
4/2/25,1200,OFAV_3.5,CHAMBER,10,R4,60.93,1413,23.5,2365.7,2638.6,,2428.2,8.22,8.29,,JW
4/2/25,1200,OFAV_3.5,SUMP,10,R4,60.02,1640,23.8,2405.4,2659.55,,2469.3,8.15,8.19,,JW
4/2/25,1200,OFAV_69.1,CHAMBER,1,P4,60.16,1155,25.1,2494.2,2559.8,,2552.4,8.09,8.23,,JW
4/2/25,1200,OFAV_69.1,SUMP,1,P4,60.33,1445,23.9,2343.6,2635.4,,2414.2,7.83,8.24,,JW
4/2/25,1200,OFAV_69.2,CHAMBER,8,R4,60.47,1346,23.5,2352.4,2588.7,,2424.2,8.13,8.22,,JW
4/2/25,1200,OFAV_69.2,SUMP,8,R4,60.02,1613,24.1,2369.9,2642.15,,2440.9,8.13,8.17,,JW
4/2/25,1200,OFAV_69.3,CHAMBER,1,P4,60.35,1202,24.9,2500.1,2659.75,,2567.9,8.15,8.23,,JW
4/2/25,1200,OFAV_69.3,SUMP,1,P4,60.43,1451,23.9,2506,2496.25,,2572.9,8.14,8.24,,JW
4/2/25,1200,OFAV_69.4,CHAMBER,6,C,60.49,1257,23.7,2340.6,2398.75,,2411.8,8.21,8.3,,JW
4/2/25,1200,OFAV_69.4,SUMP,6,C,60.21,1546,23.5,2401.1,2658.05,,2462.7,8.15,8.18,,JW
4/2/25,1200,OFAV_69.5,CHAMBER,11,R15,60.52,1420,23.5,2216.3,2620.45,,2275.6,8.1,8.17,,JW
4/2/25,1200,OFAV_69.5,SUMP,11,R15,60.45,1647,23.7,2235.6,2588.35,,2290.2,8.07,8.12,,JW
4/4/25,1200,OFAV_3.1,CHAMBER,9,R15,60.16,14:02,24,2269.8,2527.85,,2325.6,8.06,8.11,,JW
4/4/25,1200,OFAV_3.1,SUMP,9,R15,60.1,16:46,23.9,2270.2,2596.15,,2328.5,8.06,8.08,,JW
4/4/25,1200,OFAV_3.2,CHAMBER,5,P4,60.21,12:53,24.1,2531.1,2493.65,,2597.7,8.17,8.21,,JW
4/4/25,1200,OFAV_3.2,SUMP,5,P4,60.12,15:34,23.9,2544.7,2606,,2611.4,8.14,8.17,,JW
4/4/25,1200,OFAV_3.3,CHAMBER,7,C,60.06,13:37,24.3,2511.3,2647.15,,2577.1,8.14,8.2,,JW
4/4/25,1200,OFAV_3.3,SUMP,7,C,60.18,16:20,24.1,2523.8,2374.1,,2593.7,8.14,8.17,,JW
4/4/25,1200,OFAV_3.4,CHAMBER,4,P15,60.15,12:39,24.4,2503.4,2289.9,,2566.7,8.18,8.23,,JW
4/4/25,1200,OFAV_3.4,SUMP,4,P15,60.09,15:21,23.9,2542.4,2609.8,,2608.9,8.15,8.18,,JW
4/4/25,1200,OFAV_3.5,CHAMBER,10,R4,60.09,14:16,23.9,2423.4,2637.1,,2478.9,8.21,8.25,,JW
4/4/25,1200,OFAV_3.5,SUMP,10,R4,60.08,16:59,23.8,2497.5,2647.85,,2563.6,8.14,8.17,,JW
4/4/25,1200,OFAV_69.1,CHAMBER,1,P4,60.13,12:12,24.9,2591.9,2524.75,,2641.1,8.2,8.27,,JW
4/4/25,1200,OFAV_69.1,SUMP,1,P4,60.09,14:54,24.1,2610.9,2649.85,,2665.3,8.16,8.2,,JW
4/4/25,1200,OFAV_69.2,CHAMBER,8,R4,60.08,13:49,24.1,2402.3,2450.65,,2462.7,8.13,8.18,,JW
4/4/25,1200,OFAV_69.2,SUMP,8,R4,60.21,16:33,24,2437,2658.85,,2490.1,8.13,8.15,,JW
4/4/25,1200,OFAV_69.3,CHAMBER,1,P4,60.22,12:19,24.7,2592.5,2590.95,,2646.6,8.21,8.27,,JW
4/4/25,1200,OFAV_69.3,SUMP,1,P4,60.12,15:01,24.1,2606,2285.25,,2660.5,8.16,8.2,,JW
4/4/25,1200,OFAV_69.4,CHAMBER,6,C,60.18,13:13,23.8,2453.1,2406.15,,2514.5,8.16,8.21,,JW
4/4/25,1200,OFAV_69.4,SUMP,6,C,60.25,16:03,23.8,2468.7,2790.25,,2535.1,8.15,8.17,,JW
4/4/25,1200,OFAV_69.5,CHAMBER,11,R15,60.13,14:23,23.9,2242,2813.55,,2299.5,8.08,8.13,,JW
4/4/25,1200,OFAV_69.5,SUMP,11,R15,60.06,17:06,23.9,2248.6,2807.65,,2306.7,8.06,8.1,,JW
4/7/25,1200,OFAV_3.1,CHAMBER,9,R15,60.5,1356,22.4,2287.6,2646.45,,2358.7,7.93,7.98,,JW
4/7/25,1200,OFAV_3.1,SUMP,9,R15,60.62,1623,23,2289.7,2799.3,,2358.8,7.93,8,,JW
4/7/25,1200,OFAV_3.2,CHAMBER,5,P4,60.16,1245,22.8,2633,2555.55,,2700.8,8.2,8.22,,JW
4/7/25,1200,OFAV_3.2,SUMP,5,P4,60.81,1520,22.4,2671.3,2807.5,,2742.8,8.18,8.22,,JW
4/7/25,1200,OFAV_3.3,CHAMBER,7,C,60.59,1330,22.8,2639.9,2711.05,,2701.8,8.15,8.15,,JW
4/7/25,1200,OFAV_3.3,SUMP,7,C,60.25,1557,23.6,2644.5,2355.4,,2705.2,8.14,8.2,,JW
4/7/25,1200,OFAV_3.4,CHAMBER,4,P15,60.06,1232,23.2,2590.7,2360,,2652.7,8.23,8.25,,JW
4/7/25,1200,OFAV_3.4,SUMP,4,P15,60.27,1507,22.6,2653.6,2678.45,,2715.4,8.17,8.21,,JW
4/7/25,1200,OFAV_3.5,CHAMBER,10,R4,60.63,1410,22.3,2500.7,2694.35,,2572,8.13,8.16,,JW
4/7/25,1200,OFAV_3.5,SUMP,10,R4,60.07,1637,22.8,2552.9,2701.75,,2621.9,8.07,8.12,,JW
4/7/25,1200,OFAV_69.1,CHAMBER,1,P4,60.07,1205,23.1,2497.9,2548.15,,2554.2,6.63,8.24,,JW
4/7/25,1200,OFAV_69.1,SUMP,1,P4,60.23,1439,23,2733.2,2699.35,,2796.8,8.16,8.19,,JW
4/7/25,1200,OFAV_69.2,CHAMBER,8,R4,60.8,1343,22.5,2392.1,2468.7,,2455.1,8.15,8.16,,JW
4/7/25,1200,OFAV_69.2,SUMP,8,R4,60.01,1611,23.4,2468.4,2701.75,,2537.2,8.12,8.18,,JW
4/7/25,1200,OFAV_69.3,CHAMBER,1,P4,60.35,1212,23.4,2712.5,2645.9,,2777.8,8.17,8.24,,JW
4/7/25,1200,OFAV_69.3,SUMP,1,P4,60.89,1446,22.9,2738.1,2289.3,,2796.4,8.16,8.19,,JW
4/7/25,1200,OFAV_69.4,CHAMBER,6,C,60.23,1306,22.4,2547.6,2174.45,,2615.5,8.18,8.21,,JW
4/7/25,1200,OFAV_69.4,SUMP,6,C,60.63,1540,22.1,2585.7,2451.8,,2642.4,8.16,8.21,,JW
4/7/25,1200,OFAV_69.5,CHAMBER,11,R15,60.52,1417,22.3,2170.7,2485.45,,2243.9,8.05,8.09,,JW
4/7/25,1200,OFAV_69.5,SUMP,11,R15,60.14,1645,22.7,2202.5,2614.35,,2275.2,8.01,8.09,,JW
4/9/25,1200,OFAV_3.1,CHAMBER,9,R15,60.23,14:11,22.6,2527.3,2435.55,,2606.5,8.13,8.18,,JW
4/9/25,1200,OFAV_3.1,SUMP,9,R15,60.04,16:43,23.5,2537.8,2615,,2616.1,8.12,8.17,,JW
4/9/25,1200,OFAV_3.2,CHAMBER,5,P4,60.75,12:38,23.1,2622.7,2296.5,,2697.1,8.17,8.24,,JW
4/9/25,1200,OFAV_3.2,SUMP,5,P4,60.57,15:32,23.3,2644.2,1438.4,,2719,8.17,8.22,,JW
4/9/25,1200,OFAV_3.3,CHAMBER,7,C,60.35,13:43,22.8,2580.1,2355.85,,2648.7,8.17,8.24,,JW
4/9/25,1200,OFAV_3.3,SUMP,7,C,60.22,16:17,24.1,2646.8,2142,,2714.2,8.16,8.2,,JW
4/9/25,1200,OFAV_3.4,CHAMBER,4,P15,60.1,12:24,23.3,2624.6,2239.95,,2702.3,8.15,8.23,,JW
4/9/25,1200,OFAV_3.4,SUMP,4,P15,60.78,15:18,2.5,2651.4,2528.7,,2724.7,8.15,8.2,,JW
4/9/25,1200,OFAV_3.5,CHAMBER,10,R4,60.49,14:25,22.6,2514.3,2584.55,,2593.5,8.15,8.2,,JW
4/9/25,1200,OFAV_3.5,SUMP,10,R4,60.91,16:57,23.3,2561.8,2588.6,,2627.2,8.13,8.18,,JW
4/9/25,1200,OFAV_69.1,CHAMBER,1,P4,60.45,12:03,23.1,2634.7,2503.4,,2702.9,7.16,8.22,,JW
4/9/25,1200,OFAV_69.1,SUMP,1,P4,60.68,14:51,23.7,2637.6,2665.85,,2705.5,8.13,8.19,,JW
4/9/25,1200,OFAV_69.2,CHAMBER,8,R4,60.22,13:57,22.7,2537.2,2378.25,,2613.3,8.16,8.22,,JW
4/9/25,1200,OFAV_69.2,SUMP,8,R4,60.27,16:29,23.8,2587.5,2651.45,,2654.4,8.14,8.19,,JW
4/9/25,1200,OFAV_69.3,CHAMBER,1,P4,60.89,12:03,23.5,2644.6,2500.45,,2715.6,8.12,8.22,,JW
4/9/25,1200,OFAV_69.3,SUMP,1,P4,60.77,14:58,23.6,2640.4,2279.25,,2712.4,8.13,8.19,,JW
4/9/25,1200,OFAV_69.4,CHAMBER,6,C,60.5,13:00,22.8,2628.4,2630.2,,2701.2,8.18,8.25,,JW
4/9/25,1200,OFAV_69.4,SUMP,6,C,60.28,15:56,23,2660.9,2453.35,,2736.2,8.17,8.22,,JW
4/9/25,1200,OFAV_69.5,CHAMBER,11,R15,60.14,14:32,22.6,2454.8,2368.45,,2533.3,8.11,8.17,,JW
4/9/25,1200,OFAV_69.5,SUMP,11,R15,60.29,17:04,23.3,2491.3,2557.3,,2566.6,8.11,8.16,,JW
4/11/25,1200,OFAV_3.1,CHAMBER,9,R15,60.1,15:29,22.6,2368.2,2559.2,,2447.1,8.06,8.14,,JW
4/11/25,1200,OFAV_3.1,SUMP,9,R15,60.11,18:01,23.5,2393.3,2529.45,,2474.1,8.05,8.06,,JW
4/11/25,1200,OFAV_3.2,CHAMBER,5,P4,60.18,14:19,22.6,2553.3,2503.65,,2620,8.08,8.23,,JW
4/11/25,1200,OFAV_3.2,SUMP,5,P4,60.17,16:54,23.5,2660,2495.3,,2713.1,8.15,8.18,,JW
4/11/25,1200,OFAV_3.3,CHAMBER,7,C,60.04,15:01,22.7,2592.4,2413.9,,2657.6,8.15,8.22,,JW
4/11/25,1200,OFAV_3.3,SUMP,7,C,60.66,17:34,24.1,2622.2,2535,,2688.1,8.14,8.11,,JW
4/11/25,1200,OFAV_3.4,CHAMBER,4,P15,60.02,14:05,22.7,2523.2,2569.15,,2599.6,8.07,8.22,,JW
4/11/25,1200,OFAV_3.4,SUMP,4,P15,60.06,16:40,23.6,2584.9,2347.15,,2652,8.14,8.17,,JW
4/11/25,1200,OFAV_3.5,CHAMBER,10,R4,60.1,15:43,22.6,2504.5,2256.9,,2571.9,8.15,8.21,,JW
4/11/25,1200,OFAV_3.5,SUMP,10,R4,60.59,18:15,23.3,2528.8,2591.7,,2600.9,8.11,8.12,,JW
4/11/25,1200,OFAV_69.1,CHAMBER,1,P4,60.06,13:39,22.8,2476,2613.35,,2510.7,6.7,8.18,,JW
4/11/25,1200,OFAV_69.1,SUMP,1,P4,60.12,16:12,23.9,2636.7,2635.3,,2689.8,8.09,8.15,,JW
4/11/25,1200,OFAV_69.2,CHAMBER,8,R4,60.14,15:15,22.6,2414.4,2487.7,,2485.9,8.14,8.21,,JW
4/11/25,1200,OFAV_69.2,SUMP,8,R4,60.49,17:47,23.8,2489.8,2572.65,,2566.4,8.12,8.11,,JW
4/11/25,1200,OFAV_69.3,CHAMBER,1,P4,60.07,13:46,22.8,2546.5,2445.5,,2614,7.97,8.18,,JW
4/11/25,1200,OFAV_69.3,SUMP,1,P4,60.06,16:19,23.8,2647.4,2664.4,,2693.8,8.09,8.15,,JW
4/11/25,1200,OFAV_69.4,CHAMBER,6,C,60.03,14:41,22.6,2569.4,2535.6,,2640.3,8.11,8.21,,JW
4/11/25,1200,OFAV_69.4,SUMP,6,C,60.05,17:15,23.3,2657.1,2260.75,,2717.2,8.15,8.17,,JW
4/11/25,1200,OFAV_69.5,CHAMBER,11,R15,60.11,15:50,22.6,2349.4,2382.3,,2426.2,8.07,8.15,,JW
4/11/25,1200,OFAV_69.5,SUMP,11,R15,60.72,18:22,23.2,2377.3,2772.45,,2452.7,8.07,8.08,,JW
4/14/25,1200,OFAV_3.1,CHAMBER,9,R15,60.06,13:41,23.7,2267.2,2808.7,,2341.3,8.02,8.14,,JW
4/14/25,1200,OFAV_3.1,SUMP,9,R15,60.53,16:23,23.8,2295.4,2771.75,,2380.1,8.05,8.13,,JW
4/14/25,1200,OFAV_3.2,CHAMBER,5,P4,60.36,12:33,23.6,2596.8,2596.25,,2665.8,8.16,8.25,,JW
4/14/25,1200,OFAV_3.2,SUMP,5,P4,60.22,15:10,23.6,2611.6,2815.65,,2682.8,8.17,8.22,,JW
4/14/25,1200,OFAV_3.3,CHAMBER,7,C,60.17,13:12,24.3,2610.6,2544.75,,2684.1,8.15,8.23,,JW
4/14/25,1200,OFAV_3.3,SUMP,7,C,60.26,15:56,24.3,2637.4,2813.25,,2709.9,8.15,8.22,,JW
4/14/25,1200,OFAV_3.4,CHAMBER,4,P15,60.82,12:20,23.9,2634.7,2710.5,,2711.9,8.15,8.25,,JW
4/14/25,1200,OFAV_3.4,SUMP,4,P15,60.05,14:56,23.8,2637.5,2323.15,,2710.7,8.16,8.22,,JW
4/14/25,1200,OFAV_3.5,CHAMBER,10,R4,60.68,13:55,23.5,2486,2331.3,,2563.3,8.15,8.22,,JW
4/14/25,1200,OFAV_3.5,SUMP,10,R4,60.09,16:37,23.5,2525.9,2661.75,,2604.1,8.11,8.18,,JW
4/14/25,1200,OFAV_69.1,CHAMBER,1,P4,60.27,11:53,24,2483.7,2685.25,,2543.2,6.61,8.25,,JW
4/14/25,1200,OFAV_69.1,SUMP,1,P4,60.04,14:28,24.4,2665.7,2661,,2727.7,8.15,8.22,,JW
4/14/25,1200,OFAV_69.2,CHAMBER,8,R4,60.05,13:28,24,2441,2510.15,,2515.1,8.14,8.22,,JW
4/14/25,1200,OFAV_69.2,SUMP,8,R4,60.13,16:10,24,2449.4,2602.35,,2525.4,8.13,8.2,,JW
4/14/25,1200,OFAV_69.3,CHAMBER,1,P4,60.52,12:00,24.3,2667.7,2396.65,,2743.4,8.14,8.25,,JW
4/14/25,1200,OFAV_69.3,SUMP,1,P4,60.04,14:35,24.3,2673.4,2707.4,,2747.2,8.15,8.22,,JW
4/14/25,1200,OFAV_69.4,CHAMBER,6,C,60.72,12:56,23.2,2538.7,2640.9,,2612.5,8.21,8.28,,JW
4/14/25,1200,OFAV_69.4,SUMP,6,C,60.34,15:31,23.2,2587.5,2240.5,,2650.8,8.17,8.23,,JW
4/14/25,1200,OFAV_69.5,CHAMBER,11,R15,60.67,14:02,23.3,2265.5,2161.85,,2344.2,8.08,8.16,,JW
4/14/25,1200,OFAV_69.5,SUMP,11,R15,60.21,16:44,23.4,2284.5,2344.45,,2365.1,8.04,8.14,,JW
4/16/25,1200,OFAV_3.1,CHAMBER,9,R15,60.59,14:06,23.9,2385.7,2519.4,,2460.5,8.02,8.1,,RBT
4/16/25,1200,OFAV_3.1,SUMP,9,R15,60.6,16:29,23.8,2415.7,2394.1,,2497.5,7.98,8.08,,RBT
4/16/25,1200,OFAV_3.2,CHAMBER,5,P4,60.5,12:42,23.8,2770.7,2398,,2843,8.19,8.27,,RBT
4/16/25,1200,OFAV_3.2,SUMP,5,P4,60.62,15:25,23.7,2794.8,2582.3,,2862.3,8.19,8.26,,RBT
4/16/25,1200,OFAV_3.3,CHAMBER,7,C,60.39,13:38,24.4,2811.9,2240.45,,2872.3,8.18,8.26,,RBT
4/16/25,1200,OFAV_3.3,SUMP,7,C,60.12,16:02,24.3,2826.8,2609.6,,2885.4,8.18,8.26,,RBT
4/16/25,1200,OFAV_3.4,CHAMBER,4,P15,60.02,12:28,24.1,2766.9,2352.9,,2388.6,8.18,8.27,,RBT
4/16/25,1200,OFAV_3.4,SUMP,4,P15,60.34,15:10,24,2800.5,2160.35,,2868.9,8.18,8.25,,RBT
4/16/25,1200,OFAV_3.5,CHAMBER,10,R4,60.62,14:20,23.6,2597.5,2187.9,,2673.2,8.19,8.26,,RBT
4/16/25,1200,OFAV_3.5,SUMP,10,R4,60.53,16:43,23.5,2646.8,2463.75,,2722.6,8.13,8.2,,RBT
4/16/25,1200,OFAV_69.1,CHAMBER,1,P4,60.07,12:00,24.8,2831.4,2571.6,,2890.3,8.18,8.28,,RBT
4/16/25,1200,OFAV_69.1,SUMP,1,P4,60.44,14:43,24.4,2818.7,2587,,2886.2,8.18,8.25,,RBT
4/16/25,1200,OFAV_69.2,CHAMBER,8,R4,60.63,13:52,24.2,2547.4,2468.7,,2619,8.14,8.22,,RBT
4/16/25,1200,OFAV_69.2,SUMP,8,R4,60.02,16:15,24,2556,2558.7,,2627.3,8.14,8.2,,RBT
4/16/25,1200,OFAV_69.3,CHAMBER,1,P4,60.62,12:07,24.6,2827.8,2359.85,,2894.8,8.18,8.28,,RBT
4/16/25,1200,OFAV_69.3,SUMP,1,P4,60.63,14:50,24.3,2826.5,2626.25,,2899.2,8.18,8.25,,RBT
4/16/25,1200,OFAV_69.4,CHAMBER,6,C,60.5,13:04,23.4,2710.6,2497.25,,2781.3,8.2,8.27,,RBT
4/16/25,1200,OFAV_69.4,SUMP,6,C,60.23,15:46,23.4,2715.6,2199.6,,2789.8,8.19,8.26,,RBT
4/16/25,1200,OFAV_69.5,CHAMBER,11,R15,60.85,14:27,23.5,2316.8,2323.15,,2399.7,8.1,8.17,,RBT
4/16/25,1200,OFAV_69.5,SUMP,11,R15,60.58,16:50,23.4,2352.8,2331.3,,2434.3,8.07,8.13,,RBT
4/17/25,1200,OFAV_3.1,CHAMBER,9,R15,60.08,14:42,23.6,2332.9,2661.75,,2415.4,8.09,8.15,,RBT
4/17/25,1200,OFAV_3.1,SUMP,9,R15,60.43,17:30,23.7,2364.4,2685.25,,2445.3,8.05,8.13,,RBT
4/17/25,1200,OFAV_3.2,CHAMBER,5,P4,60.75,13:05,23.6,2660.9,2661,,2738.9,8.22,8.26,,RBT
4/17/25,1200,OFAV_3.2,SUMP,5,P4,60.85,16:11,23.6,2674.4,2510.15,,2749.9,8.2,8.26,,RBT
4/17/25,1200,OFAV_3.3,CHAMBER,7,C,60.42,14:15,24.1,2684.2,2602.35,,2759.4,8.21,8.27,,RBT
4/17/25,1200,OFAV_3.3,SUMP,7,C,60.06,17:03,24.2,2696.5,2396.65,,2771.7,8.21,8.27,,RBT
4/17/25,1200,OFAV_3.4,CHAMBER,4,P15,60.04,12:50,23.9,2657.9,2707.4,,2732.5,8.22,8.29,,RBT
4/17/25,1200,OFAV_3.4,SUMP,4,P15,60.47,15:57,23.9,2699.5,2640.9,,2775.8,8.19,8.25,,RBT
4/17/25,1200,OFAV_3.5,CHAMBER,10,R4,60.23,14:56,23.4,2513.5,2240.5,,2592.7,8.24,8.3,,RBT
4/17/25,1200,OFAV_3.5,SUMP,10,R4,60.38,17:44,23.4,2545.7,2161.85,,2622.6,8.15,8.21,,RBT
4/17/25,1200,OFAV_69.1,CHAMBER,1,P4,60.04,12:22,24,2500.5,2344.45,,2565.1,6.62,8.26,,RBT
4/17/25,1200,OFAV_69.1,SUMP,1,P4,60.86,15:27,24.4,2719,2519.4,,2786.1,8.19,8.25,,RBT
4/17/25,1200,OFAV_69.2,CHAMBER,8,R4,60,14:28,23.9,2396.5,2394.1,,2474,8.2,8.26,,RBT
4/17/25,1200,OFAV_69.2,SUMP,8,R4,60.46,17:17,23.9,2466.6,2398,,2544.7,8.16,8.21,,RBT
4/17/25,1200,OFAV_69.3,CHAMBER,1,P4,60.08,12:30,24.2,2719.4,2582.3,,2795.4,8.19,8.26,,RBT
4/17/25,1200,OFAV_69.3,SUMP,1,P4,60.32,15:37,24.2,2713,2240.45,,2787.1,8.19,8.25,,RBT
4/17/25,1200,OFAV_69.4,CHAMBER,6,C,60.26,13:26,23.2,2646.5,2609.6,,2721.4,8.22,8.27,,RBT
4/17/25,1200,OFAV_69.4,SUMP,6,C,60.36,16:33,23.3,2651.6,2352.9,,2728.3,8.21,8.27,,RBT
4/17/25,1200,OFAV_69.5,CHAMBER,11,R15,60.05,15:03,23.3,2233.1,2160.35,,2312.9,8.14,8.2,,RBT
4/17/25,1200,OFAV_69.5,SUMP,11,R15,60,17:51,23.4,2287.3,2187.9,,2372.5,8.09,8.16,,RBT
4/21/25,1200,OFAV_3.1,CHAMBER,9,R15,60.19,14:25,23.3,2162,2463.75,,2247.4,8.07,8.14,,RBT
4/21/25,1200,OFAV_3.1,SUMP,9,R15,60.17,16:54,23.5,2174.5,2571.6,,2260.4,8.05,8.13,,RBT
4/21/25,1200,OFAV_3.2,CHAMBER,5,P4,60.75,13:03,23.6,2343,2587,,2422.4,8.19,8.28,,RBT
4/21/25,1200,OFAV_3.2,SUMP,5,P4,60.15,15:50,23.4,2450.2,2468.7,,2532.2,8.12,8.2,,RBT
4/21/25,1200,OFAV_3.3,CHAMBER,7,C,60.19,14:01,22.9,2562.4,2558.7,,MISSING,MISSING,8.21,,RBT
4/21/25,1200,OFAV_3.3,SUMP,7,C,60.23,16:24,23.2,2485.3,2359.85,,2559,8.13,8.2,,RBT
4/21/25,1200,OFAV_3.4,CHAMBER,4,P15,60.97,12:51,23.9,2390.4,2626.25,,2470.1,8.23,8.33,,RBT
4/21/25,1200,OFAV_3.4,SUMP,4,P15,60.55,15:36,23.4,2616,2497.25,,2695,8.13,8.2,,RBT
4/21/25,1200,OFAV_3.5,CHAMBER,10,R4,60.15,14:33,23.3,2398.2,2199.6,,2472,8.24,8.31,,RBT
4/21/25,1200,OFAV_3.5,SUMP,10,R4,60.1,17:11,23.3,2431.6,2435.55,,2506,8.11,8.16,,RBT
4/21/25,1200,OFAV_69.1,CHAMBER,3,P15,60.01,12:37,24,2641.7,2615,,2720.9,8.15,8.26,,RBT
4/21/25,1200,OFAV_69.1,SUMP,1,P4,60.07,15:00,23.4,2611.1,2296.5,,2685.2,8.13,8.19,,RBT
4/21/25,1200,OFAV_69.2,CHAMBER,8,R4,60.63,14:09,23.2,2240.8,1438.4,,2314.4,8.11,8.18,,RBT
4/21/25,1200,OFAV_69.2,SUMP,8,R4,60.17,16:42,23.5,2300.1,2355.85,,2382.1,8.08,8.15,,RBT
4/21/25,1200,OFAV_69.3,CHAMBER,3,P15,60.63,12:43,23.9,2642.6,2142,,2719.8,8.15,8.26,,RBT
4/21/25,1200,OFAV_69.3,SUMP,1,P4,60.1,15:08,23.3,2610.1,2239.95,,2684.5,8.13,8.19,,RBT
4/21/25,1200,OFAV_69.4,CHAMBER,6,C,60.27,13:15,23.3,2351.6,2528.7,,2434,8.16,8.23,,RBT
4/21/25,1200,OFAV_69.4,SUMP,6,C,60.51,16:10,23.3,2353.5,2584.55,,2433.3,8.13,8.19,,RBT
4/21/25,1200,OFAV_69.5,CHAMBER,11,R15,60.05,14:53,23.4,2176,2588.6,,2271.9,8.02,8.09,,RBT
4/21/25,1200,OFAV_69.5,SUMP,11,R15,60.91,17:17,23.4,2136.4,2503.4,,2219.5,7.98,8.07,,RBT
4/23/25,1200,OFAV_3.1,CHAMBER,9,R15,60,,23.7,2185.3,2665.85,,2271.2,8.14,8.25,,MDC
4/23/25,1200,OFAV_3.1,SUMP,9,R15,60.44,,23.8,2259.4,2378.25,,2348.3,8.08,8.19,,MDC
4/23/25,1200,OFAV_3.2,CHAMBER,5,P4,60.68,,22.9,2472.8,2651.45,,2551.6,8.22,8.28,,MDC
4/23/25,1200,OFAV_3.2,SUMP,5,P4,60.94,,23.5,2528.2,2500.45,,2603.4,8.16,8.25,,MDC
4/23/25,1200,OFAV_3.3,CHAMBER,7,C,60.11,,23.9,2571.5,2279.25,,2644.3,8.15,8.25,,MDC
4/23/25,1200,OFAV_3.3,SUMP,7,C,60.16,,24.3,2587.8,2584.55,,2652.8,8.15,8.24,,MDC
4/23/25,1200,OFAV_3.4,CHAMBER,4,P15,6.28,,23,2587.8,2588.6,,2671.5,8.18,8.25,,MDC
4/23/25,1200,OFAV_3.4,SUMP,4,P15,60.2,,23.8,2579.2,2503.4,,2650.2,8.16,8.25,,MDC
4/23/25,1200,OFAV_3.5,CHAMBER,10,R4,60.33,,23.5,2465.3,2665.85,,2548.2,8.3,8.4,,MDC
4/23/25,1200,OFAV_3.5,SUMP,10,R4,60.21,,23.6,2503.1,2378.25,,2582.3,8.15,8.22,,MDC
4/23/25,1200,OFAV_69.1,CHAMBER,1,P4,52.29,,24.9,2559.9,2651.45,,2623.1,8.12,8.23,,MDC
4/23/25,1200,OFAV_69.1,SUMP,1,P4,60.07,1540,24,2664.4,2500.45,,2733.8,8.08,8.18,,MDC
4/23/25,1200,OFAV_69.2,CHAMBER,8,R4,60.12,,23.9,2357.6,2279.25,,2439.3,8.08,8.19,,MDC
4/23/25,1200,OFAV_69.2,SUMP,8,R4,60.96,,24.1,2377.3,2378.25,,2449.3,8.07,8.15,,MDC
4/23/25,1200,OFAV_69.3,CHAMBER,3,P15,60.22,,23.2,2639.8,2651.45,,2719.5,8.18,8.26,,MDC
4/23/25,1200,OFAV_69.3,SUMP,3,P15,60.77,,23.9,2648.8,2500.45,,2723.7,8.15,8.23,,MDC
4/23/25,1200,OFAV_69.4,CHAMBER,6,C,60.31,,22.9,2496.3,2279.25,,2578.5,8.2,8.26,,MDC
4/23/25,1200,OFAV_69.4,SUMP,6,C,60.8,,23.1,2492.9,2500.45,,2575.5,8.19,8.26,,MDC
4/23/25,1200,OFAV_69.5,CHAMBER,11,R15,60.11,,23.3,2201.5,2279.25,,2287.3,8.15,8.26,,MDC
4/23/25,1200,OFAV_69.5,SUMP,11,R15,60.3,,23.4,2278.6,2279.25,,2360.9,8.09,8.18,,MDC
,,,,,,,,,,,,,,,,
,,,,,,,,,,,,,,,,
,,,,,,,,,,,,,,,,
,,,,,,,,,,,,,,,,